{"cameraMode":{"drawMode":0,"name":"Shaded","section":"Shading Mode"},"sceneLighting":false,"audioPlay":false,"sceneViewState":{"m_AlwaysRefresh":false,"showFog":true,"showSkybox":true,"showFlares":true,"showImageEffects":true,"showParticleSystems":true,"showVisualEffectGraphs":true,"m_FxEnabled":true},"in2DMode":false,"pivot":{"x":39.55323791503906,"y":3.5468850135803224,"z":6.821032524108887},"rotation":{"x":-0.01686161570250988,"y":-0.6619395613670349,"z":0.014895180240273476,"w":-0.7492297887802124},"size":31.023468017578126,"orthographic":false}